[{"resource_state":2,"athlete":{"id":24772479,"resource_state":1},"name":"School to home","distance":1272.6,"moving_time":451,"elapsed_time":457,"total_elevation_gain":2.8,"type":"Run","sport_type":"Run","workout_type":0,"id":1171834880,"start_date":"2017-09-06T22:48:15Z","start_date_local":"2017-09-07T08:18:15Z","timezone":"(GMT+09:30) Australia/Darwin","utc_offset":34200.0,"location_city":null,"location_state":null,"location_country":"Australia","achievement_count":0,"kudos_count":0,"comment_count":0,"athlete_count":1,"photo_count":0,"map":{"id":"a1171834880","summary_polyline":"ddsjAgu{}WuKMnGiRuA_MxK}E~FS","resource_state":2},"trainer":false,"commute":false,"manual":false,"private":false,"visibility":"everyone","flagged":false,"gear_id":null,"start_latlng":[-12.391227,130.891241],"end_latlng":[-12.393455,130.897857],"average_speed":2.822,"max_speed":3.7,"has_heartrate":false,"heartrate_opt_out":false,"display_hide_heartrate_option":false,"elev_high":42.1,"elev_low":32.0,"upload_id":1277285114,"upload_id_str":"1277285114","external_id":"e7b49c89041d4c76cf825dc8e8cd435e","from_accepted_tag":false,"pr_count":0,"total_photo_count":0,"has_kudoed":false},{"resource_state":2,"athlete":{"id":24772479,"resource_state":1},"name":"Morning run","distance":1289.1,"moving_time":385,"elapsed_time":389,"total_elevation_gain":2.8,"type":"Run","sport_type":"Run","workout_type":0,"id":1178344020,"start_date":"2017-09-10T22:45:49Z","start_date_local":"2017-09-11T08:15:49Z","timezone":"(GMT+09:30) Australia/Darwin","utc_offset":34200.0,"location_city":null,"location_state":null,"location_country":"Australia","achievement_count":3,"kudos_count":0,"comment_count":0,"athlete_count":1,"photo_count":0,"map":{"id":"a1178344020","summary_polyline":"~csjAeu{}WyKYtGcReAyL|HaElIgA","resource_state":2},"trainer":false,"commute":false,"manual":false,"private":false,"visibility":"everyone","flagged":false,"gear_id":null,"start_latlng":[-12.391199,130.891236],"end_latlng":[-12.393444,130.897963],"average_speed":3.348,"max_speed":5.8,"has_heartrate":false,"heartrate_opt_out":false,"display_hide_heartrate_option":false,"elev_high":42.0,"elev_low":32.0,"upload_id":1283900263,"upload_id_str":"1283900263","external_id":"f5b1feb088f58a7c91d8f85a79aaed4e","from_accepted_tag":false,"pr_count":3,"total_photo_count":0,"has_kudoed":false},{"resource_state":2,"athlete":{"id":24772479,"resource_state":1},"name":"September 15","distance":824.5,"moving_time":313,"elapsed_time":351,"total_elevation_gain":4.7,"type":"Run","sport_type":"Run","workout_type":0,"id":1184311997,"start_date":"2017-09-14T22:58:09Z","start_date_local":"2017-09-15T08:28:09Z","timezone":"(GMT+09:30) Australia/Darwin","utc_offset":34200.0,"location_city":null,"location_state":null,"location_country":"Australia","achievement_count":2,"kudos_count":0,"comment_count":0,"athlete_count":1,"photo_count":0,"map":{"id":"a1184311997","summary_polyline":"lmsjAq~{}Wc@uD~IuAKkTuCsA","resource_state":2},"trainer":false,"commute":false,"manual":false,"private":false,"visibility":"everyone","flagged":false,"gear_id":null,"start_latlng":[-12.392703,130.892739],"end_latlng":[-12.393473,130.897913],"average_speed":2.634,"max_speed":3.7,"has_heartrate":false,"heartrate_opt_out":false,"display_hide_heartrate_option":false,"elev_high":39.0,"elev_low":33.3,"upload_id":1289934613,"upload_id_str":"1289934613","external_id":"036e47d7aa30878e3cea9bc30055f224","from_accepted_tag":false,"pr_count":0,"total_photo_count":0,"has_kudoed":false},{"resource_state":2,"athlete":{"id":24772479,"resource_state":1},"name":"Jog","distance":1330.2,"moving_time":431,"elapsed_time":449,"total_elevation_gain":4.9,"type":"Run","sport_type":"Run","workout_type":0,"id":1190629348,"start_date":"2017-09-18T22:52:14Z","start_date_local":"2017-09-19T08:22:14Z","timezone":"(GMT+09:30) Australia/Darwin","utc_offset":34200.0,"location_city":null,"location_state":null,"location_country":"Australia","achievement_count":3,"kudos_count":0,"comment_count":0,"athlete_count":1,"photo_count":0,"map":{"id":"a1190629348","summary_polyline":"dfsjAcu{}W{MOjGiRkAcMlLaFbF[","resource_state":2},"trainer":false,"commute":false,"manual":false,"private":false,"visibility":"everyone","flagged":false,"gear_id":null,"start_latlng":[-12.39155,130.891225],"end_latlng":[-12.393416,130.897922],"average_speed":3.086,"max_speed":4.5,"has_heartrate":false,"heartrate_opt_out":false,"display_hide_heartrate_option":false,"elev_high":42.1,"elev_low":32.0,"upload_id":1296353752,"upload_id_str":"1296353752","external_id":"d4b5671f0c7f64d8989a1ceebc61b7c1","from_accepted_tag":false,"pr_count":0,"total_photo_count":0,"has_kudoed":false},{"resource_state":2,"athlete":{"id":24772479,"resource_state":1},"name":"Morning jog","distance":1603.3,"moving_time":513,"elapsed_time":513,"total_elevation_gain":8.8,"type":"Run","sport_type":"Run","workout_type":0,"id":1193768509,"start_date":"2017-09-20T22:51:22Z","start_date_local":"2017-09-21T08:21:22Z","timezone":"(GMT+09:30) Australia/Darwin","utc_offset":34200.0,"location_city":null,"location_state":null,"location_country":"Australia","achievement_count":3,"kudos_count":0,"comment_count":0,"athlete_count":1,"photo_count":0,"map":{"id":"a1193768509","summary_polyline":"vmsjAg~{}Ws@dHqSOlGwRsAsL~IcEnHy@","resource_state":2},"trainer":false,"commute":false,"manual":false,"private":false,"visibility":"everyone","flagged":false,"gear_id":null,"start_latlng":[-12.392752,130.892683],"end_latlng":[-12.393414,130.897907],"average_speed":3.125,"max_speed":5.6,"has_heartrate":false,"heartrate_opt_out":false,"display_hide_heartrate_option":false,"elev_high":42.0,"elev_low":32.0,"upload_id":1299534252,"upload_id_str":"1299534252","external_id":"5dc2bb7d23ee9381d1342e99387049c4","from_accepted_tag":false,"pr_count":0,"total_photo_count":0,"has_kudoed":false},{"resource_state":2,"athlete":{"id":24772479,"resource_state":1},"name":"Morning jog","distance":1526.8,"moving_time":512,"elapsed_time":512,"total_elevation_gain":8.7,"type":"Run","sport_type":"Run","workout_type":0,"id":1201729152,"start_date":"2017-09-25T22:47:05Z","start_date_local":"2017-09-26T08:17:05Z","timezone":"(GMT+09:30) Australia/Darwin","utc_offset":34200.0,"location_city":null,"location_state":null,"location_country":"Australia","achievement_count":1,"kudos_count":1,"comment_count":0,"athlete_count":1,"photo_count":0,"map":{"id":"a1201729152","summary_polyline":"`nsjAi|{}W{@|EsSOjGaRu@cMfJkEtGg@","resource_state":2},"trainer":false,"commute":false,"manual":false,"private":false,"visibility":"everyone","flagged":false,"gear_id":null,"start_latlng":[-12.392803,130.89237],"end_latlng":[-12.393467,130.897876],"average_speed":2.982,"max_speed":5.5,"has_heartrate":false,"heartrate_opt_out":false,"display_hide_heartrate_option":false,"elev_high":42.1,"elev_low":32.0,"upload_id":1307627276,"upload_id_str":"1307627276","external_id":"349f778eda0b2ec7d5502519398ff4b2","from_accepted_tag":false,"pr_count":0,"total_photo_count":0,"has_kudoed":false},{"resource_state":2,"athlete":{"id":24772479,"resource_state":1},"name":"Not quite the loop around the block","distance":1375.3,"moving_time":395,"elapsed_time":399,"total_elevation_gain":3.9,"type":"Run","sport_type":"Run","workout_type":0,"id":1212511903,"start_date":"2017-10-02T22:45:57Z","start_date_local":"2017-10-03T08:15:57Z","timezone":"(GMT+09:30) Australia/Darwin","utc_offset":34200.0,"location_city":null,"location_state":null,"location_country":"Australia","achievement_count":3,"kudos_count":0,"comment_count":0,"athlete_count":1,"photo_count":0,"map":{"id":"a1212511903","summary_polyline":"xrsjAw~|}WkGRmMfFoLiByCsF~AgN~AwAlFrE","resource_state":2},"trainer":false,"commute":false,"manual":false,"private":false,"visibility":"everyone","flagged":false,"gear_id":null,"start_latlng":[-12.393565,130.897889],"end_latlng":[-12.389137,130.900194],"average_speed":3.482,"max_speed":4.7,"has_heartrate":false,"heartrate_opt_out":false,"display_hide_heartrate_option":false,"elev_high":35.0,"elev_low":18.0,"upload_id":1318541376,"upload_id_str":"1318541376","external_id":"b021ada6cd37edb0a4edd8a066e64a96","from_accepted_tag":false,"pr_count":3,"total_photo_count":0,"has_kudoed":false},{"resource_state":2,"athlete":{"id":24772479,"resource_state":1},"name":"The full loop, but not quite home","distance":1770.8,"moving_time":621,"elapsed_time":621,"total_elevation_gain":16.7,"type":"Run","sport_type":"Run","workout_type":0,"id":1215514785,"start_date":"2017-10-04T22:02:57Z","start_date_local":"2017-10-05T07:32:57Z","timezone":"(GMT+09:30) Australia/Darwin","utc_offset":34200.0,"location_city":null,"location_state":null,"location_country":"Australia","achievement_count":0,"kudos_count":0,"comment_count":0,"athlete_count":1,"photo_count":0,"map":{"id":"a1215514785","summary_polyline":"drsjAa~|}WkG?gKvEkMsAsDwGzCuO`OtLvB|J","resource_state":2},"trainer":false,"commute":false,"manual":false,"private":false,"visibility":"everyone","flagged":false,"gear_id":null,"start_latlng":[-12.393464,130.897772],"end_latlng":[-12.390916,130.897084],"average_speed":2.852,"max_speed":3.4,"has_heartrate":false,"heartrate_opt_out":false,"display_hide_heartrate_option":false,"elev_high":35.0,"elev_low":18.6,"upload_id":1321569776,"upload_id_str":"1321569776","external_id":"47f05ace5cfed84dc01915e4fba03894","from_accepted_tag":false,"pr_count":0,"total_photo_count":0,"has_kudoed":false},{"resource_state":2,"athlete":{"id":24772479,"resource_state":1},"name":"Morning run with Eleni","distance":1780.8,"moving_time":704,"elapsed_time":716,"total_elevation_gain":17.4,"type":"Run","sport_type":"Run","workout_type":0,"id":1224624367,"start_date":"2017-10-10T23:05:23Z","start_date_local":"2017-10-11T08:35:23Z","timezone":"(GMT+09:30) Australia/Darwin","utc_offset":34200.0,"location_city":null,"location_state":null,"location_country":"Australia","achievement_count":1,"kudos_count":0,"comment_count":0,"athlete_count":1,"photo_count":0,"map":{"id":"a1224624367","summary_polyline":"zrsjA}~|}WjEEi@sG|CuEyGsH{Ih@cCvGIbFnB`CbPVAdBwEA","resource_state":2},"trainer":false,"commute":false,"manual":false,"private":false,"visibility":"everyone","flagged":false,"gear_id":null,"start_latlng":[-12.393574,130.897919],"end_latlng":[-12.393525,130.897913],"average_speed":2.53,"max_speed":3.7,"has_heartrate":false,"heartrate_opt_out":false,"display_hide_heartrate_option":false,"elev_high":36.8,"elev_low":24.9,"upload_id":1330797416,"upload_id_str":"1330797416","external_id":"4d7221c5434d759814534fc1e3a201c6","from_accepted_tag":false,"pr_count":0,"total_photo_count":0,"has_kudoed":false},{"resource_state":2,"athlete":{"id":24772479,"resource_state":1},"name":"150m swim","distance":0.0,"moving_time":600,"elapsed_time":600,"total_elevation_gain":0,"type":"Swim","sport_type":"Swim","id":1232926817,"start_date":"2017-10-16T06:15:52Z","start_date_local":"2017-10-16T15:45:52Z","timezone":"(GMT+09:30) Australia/Darwin","utc_offset":34200.0,"location_city":null,"location_state":null,"location_country":"Australia","achievement_count":0,"kudos_count":0,"comment_count":0,"athlete_count":1,"photo_count":0,"map":{"id":"a1232926817","summary_polyline":"","resource_state":2},"trainer":false,"commute":false,"manual":true,"private":false,"visibility":"everyone","flagged":false,"gear_id":null,"start_latlng":[],"end_latlng":[],"average_speed":0.0,"max_speed":0,"has_heartrate":false,"heartrate_opt_out":false,"display_hide_heartrate_option":false,"upload_id":null,"external_id":null,"from_accepted_tag":false,"pr_count":0,"total_photo_count":0,"has_kudoed":false},{"resource_state":2,"athlete":{"id":24772479,"resource_state":1},"name":"Morning run","distance":1592.8,"moving_time":592,"elapsed_time":592,"total_elevation_gain":7.8,"type":"Run","sport_type":"Run","workout_type":0,"id":1236788350,"start_date":"2017-10-18T22:31:15Z","start_date_local":"2017-10-19T08:01:15Z","timezone":"(GMT+09:30) Australia/Darwin","utc_offset":34200.0,"location_city":null,"location_state":null,"location_country":"Australia","achievement_count":0,"kudos_count":0,"comment_count":0,"athlete_count":1,"photo_count":0,"map":{"id":"a1236788350","summary_polyline":"vdsjA}t{}WuKSqKwD`GcZtIBfSqG","resource_state":2},"trainer":false,"commute":false,"manual":false,"private":false,"visibility":"everyone","flagged":false,"gear_id":null,"start_latlng":[-12.391316,130.891191],"end_latlng":[-12.393514,130.8979],"average_speed":2.691,"max_speed":3.2,"has_heartrate":false,"heartrate_opt_out":false,"display_hide_heartrate_option":false,"elev_high":42.0,"elev_low":29.2,"upload_id":1343112547,"upload_id_str":"1343112547","external_id":"67a23fc19c1ecb6e74b6c67992cb25a4","from_accepted_tag":false,"pr_count":0,"total_photo_count":0,"has_kudoed":false},{"resource_state":2,"athlete":{"id":24772479,"resource_state":1},"name":"Early morning jog","distance":1887.5,"moving_time":658,"elapsed_time":674,"total_elevation_gain":18.2,"type":"Run","sport_type":"Run","workout_type":0,"id":1238179737,"start_date":"2017-10-19T21:56:15Z","start_date_local":"2017-10-20T07:26:15Z","timezone":"(GMT+09:30) Australia/Darwin","utc_offset":34200.0,"location_city":null,"location_state":null,"location_country":"Australia","achievement_count":1,"kudos_count":0,"comment_count":0,"athlete_count":1,"photo_count":0,"map":{"id":"a1238179737","summary_polyline":"vrsjA_~|}WlEa@?mHrBqD{FyHsMp@yLhGjGnGrArIpMuB","resource_state":2},"trainer":false,"commute":false,"manual":false,"private":false,"visibility":"everyone","flagged":false,"gear_id":null,"start_latlng":[-12.393559,130.897763],"end_latlng":[-12.393442,130.897859],"average_speed":2.869,"max_speed":5.5,"has_heartrate":false,"heartrate_opt_out":false,"display_hide_heartrate_option":false,"elev_high":36.3,"elev_low":22.5,"upload_id":1344509623,"upload_id_str":"1344509623","external_id":"b3bec99d33dfcf1aa0cbee9544229f72","from_accepted_tag":false,"pr_count":0,"total_photo_count":0,"has_kudoed":false},{"resource_state":2,"athlete":{"id":24772479,"resource_state":1},"name":"Finally cracked 2k!","distance":2050.3,"moving_time":733,"elapsed_time":733,"total_elevation_gain":18.3,"type":"Run","sport_type":"Run","workout_type":0,"id":1242764865,"start_date":"2017-10-22T22:39:33Z","start_date_local":"2017-10-23T08:09:33Z","timezone":"(GMT+09:30) Australia/Darwin","utc_offset":34200.0,"location_city":null,"location_state":null,"location_country":"Australia","achievement_count":1,"kudos_count":0,"comment_count":0,"athlete_count":1,"photo_count":0,"map":{"id":"a1242764865","summary_polyline":"trsjAe_}}WxEAOgH~CcFb@iGyV`@gN~GhGpF|AlJbMcC","resource_state":2},"trainer":false,"commute":false,"manual":false,"private":false,"visibility":"everyone","flagged":false,"gear_id":null,"start_latlng":[-12.393548,130.897951],"end_latlng":[-12.393347,130.89792],"average_speed":2.797,"max_speed":4.1,"has_heartrate":false,"heartrate_opt_out":false,"display_hide_heartrate_option":false,"elev_high":36.3,"elev_low":22.6,"upload_id":1349168478,"upload_id_str":"1349168478","external_id":"7bfdd73aa69884bbc8e1fe4800d49a38","from_accepted_tag":false,"pr_count":0,"total_photo_count":0,"has_kudoed":false},{"resource_state":2,"athlete":{"id":24772479,"resource_state":1},"name":"Morning run","distance":2657.6,"moving_time":974,"elapsed_time":978,"total_elevation_gain":21.5,"type":"Run","sport_type":"Run","workout_type":0,"id":1246983989,"start_date":"2017-10-25T22:54:22Z","start_date_local":"2017-10-26T08:24:22Z","timezone":"(GMT+09:30) Australia/Darwin","utc_offset":34200.0,"location_city":null,"location_state":null,"location_country":"Australia","achievement_count":0,"kudos_count":0,"comment_count":0,"athlete_count":1,"photo_count":0,"map":{"id":"a1246983989","summary_polyline":"~lsjAy~{}Wc@bI{EvGsDqG}RgF`Hu[xFb@rDmA[iJpFiBhNJd@dHqEB","resource_state":2},"trainer":false,"commute":false,"manual":false,"private":false,"visibility":"everyone","flagged":false,"gear_id":null,"start_latlng":[-12.392631,130.892776],"end_latlng":[-12.393528,130.897876],"average_speed":2.729,"max_speed":3.8,"has_heartrate":false,"heartrate_opt_out":false,"display_hide_heartrate_option":false,"elev_high":42.0,"elev_low":26.2,"upload_id":1353428628,"upload_id_str":"1353428628","external_id":"f88fecaa68a1d28d7d1f5c36bc1327b7","from_accepted_tag":false,"pr_count":0,"total_photo_count":0,"has_kudoed":false},{"resource_state":2,"athlete":{"id":24772479,"resource_state":1},"name":"Weekend run, new distance record","distance":3384.1,"moving_time":1371,"elapsed_time":1371,"total_elevation_gain":30.4,"type":"Run","sport_type":"Run","workout_type":0,"id":1251116741,"start_date":"2017-10-28T21:55:23Z","start_date_local":"2017-10-29T07:25:23Z","timezone":"(GMT+09:30) Australia/Darwin","utc_offset":34200.0,"location_city":null,"location_state":null,"location_country":"Australia","achievement_count":0,"kudos_count":0,"comment_count":0,"athlete_count":1,"photo_count":0,"map":{"id":"a1251116741","summary_polyline":"hrsjAm~|}WkGJiOpE}JoB}BiH|CoNfHpD`N{G~V[e@jG}CtDqOHyFzAxA~JpMaC","resource_state":2},"trainer":false,"commute":false,"manual":false,"private":false,"visibility":"everyone","flagged":false,"gear_id":null,"start_latlng":[-12.393486,130.897833],"end_latlng":[-12.393411,130.897899],"average_speed":2.468,"max_speed":4.2,"has_heartrate":false,"heartrate_opt_out":false,"display_hide_heartrate_option":false,"elev_high":36.3,"elev_low":18.0,"upload_id":1357602824,"upload_id_str":"1357602824","external_id":"b153ebabb634960761d1d504646625b0","from_accepted_tag":false,"pr_count":0,"total_photo_count":0,"has_kudoed":false},{"resource_state":2,"athlete":{"id":24772479,"resource_state":1},"name":"Morning running with a missing section","distance":2539.9,"moving_time":1028,"elapsed_time":1287,"total_elevation_gain":10.7,"type":"Run","sport_type":"Run","workout_type":0,"id":1254147032,"start_date":"2017-10-30T22:46:03Z","start_date_local":"2017-10-31T08:16:03Z","timezone":"(GMT+09:30) Australia/Darwin","utc_offset":34200.0,"location_city":null,"location_state":null,"location_country":"Australia","achievement_count":1,"kudos_count":0,"comment_count":0,"athlete_count":1,"photo_count":0,"map":{"id":"a1254147032","summary_polyline":"|msjAm~{}W_A~HcVva@qLoFpLa]mHoCfC{GxByPpIYxJkEfGY","resource_state":2},"trainer":false,"commute":false,"manual":false,"private":false,"visibility":"everyone","flagged":false,"gear_id":null,"start_latlng":[-12.392789,130.892719],"end_latlng":[-12.393448,130.897835],"average_speed":2.471,"max_speed":4.0,"has_heartrate":false,"heartrate_opt_out":false,"display_hide_heartrate_option":false,"elev_high":38.0,"elev_low":29.3,"upload_id":1360668589,"upload_id_str":"1360668589","external_id":"3d69ef68587857316789723edfa8637b","from_accepted_tag":false,"pr_count":1,"total_photo_count":0,"has_kudoed":false},{"resource_state":2,"athlete":{"id":24772479,"resource_state":1},"name":"300m swim","distance":300.0,"moving_time":1200,"elapsed_time":1200,"total_elevation_gain":0,"type":"Swim","sport_type":"Swim","id":1255788269,"start_date":"2017-11-01T03:30:23Z","start_date_local":"2017-11-01T13:00:23Z","timezone":"(GMT+09:30) Australia/Darwin","utc_offset":34200.0,"location_city":null,"location_state":null,"location_country":"Australia","achievement_count":0,"kudos_count":0,"comment_count":0,"athlete_count":1,"photo_count":0,"map":{"id":"a1255788269","summary_polyline":"","resource_state":2},"trainer":false,"commute":false,"manual":true,"private":false,"visibility":"everyone","flagged":false,"gear_id":null,"start_latlng":[],"end_latlng":[],"average_speed":0.25,"max_speed":0,"has_heartrate":false,"heartrate_opt_out":false,"display_hide_heartrate_option":false,"upload_id":null,"external_id":null,"from_accepted_tag":false,"pr_count":0,"total_photo_count":0,"has_kudoed":false},{"resource_state":2,"athlete":{"id":24772479,"resource_state":1},"name":"Morning run","distance":3350.2,"moving_time":1173,"elapsed_time":1173,"total_elevation_gain":13.9,"type":"Run","sport_type":"Run","workout_type":0,"id":1258598258,"start_date":"2017-11-02T22:28:00Z","start_date_local":"2017-11-03T07:58:00Z","timezone":"(GMT+09:30) Australia/Darwin","utc_offset":34200.0,"location_city":null,"location_state":null,"location_country":"Australia","achievement_count":3,"kudos_count":0,"comment_count":0,"athlete_count":1,"photo_count":0,"map":{"id":"a1258598258","summary_polyline":"pssjAs}|}WbGZ_@jxAqWuDkKoF~HkQ~JuMzAoJ","resource_state":2},"trainer":false,"commute":false,"manual":false,"private":false,"visibility":"everyone","flagged":false,"gear_id":null,"start_latlng":[-12.393686,130.897706],"end_latlng":[-12.392891,130.892508],"average_speed":2.856,"max_speed":3.7,"has_heartrate":false,"heartrate_opt_out":false,"display_hide_heartrate_option":false,"elev_high":38.0,"elev_low":29.9,"upload_id":1365161871,"upload_id_str":"1365161871","external_id":"c03433186588803e3e6ea5ada52465ff","from_accepted_tag":false,"pr_count":3,"total_photo_count":0,"has_kudoed":false},{"resource_state":2,"athlete":{"id":24772479,"resource_state":1},"name":"Running the mushroom with Benny","distance":2831.8,"moving_time":1031,"elapsed_time":1031,"total_elevation_gain":28.7,"type":"Run","sport_type":"Run","workout_type":0,"id":1263494296,"start_date":"2017-11-06T07:51:30Z","start_date_local":"2017-11-06T17:21:30Z","timezone":"(GMT+09:30) Australia/Darwin","utc_offset":34200.0,"location_city":null,"location_state":null,"location_country":"Australia","achievement_count":0,"kudos_count":0,"comment_count":0,"athlete_count":1,"photo_count":0,"map":{"id":"a1263494296","summary_polyline":"bbsjAyy|}WmGvA_MuD}@}FxC{MdG`EbOaHjWa@e@vFyCvDgQ`@eGbBlB`K","resource_state":2},"trainer":false,"commute":false,"manual":false,"private":false,"visibility":"everyone","flagged":false,"gear_id":null,"start_latlng":[-12.390898,130.897091],"end_latlng":[-12.390917,130.897108],"average_speed":2.747,"max_speed":4.5,"has_heartrate":false,"heartrate_opt_out":false,"display_hide_heartrate_option":false,"elev_high":36.3,"elev_low":18.0,"upload_id":1370138438,"upload_id_str":"1370138438","external_id":"23f38f1099002c2944bfa6cd9e2a4a4a","from_accepted_tag":false,"pr_count":0,"total_photo_count":0,"has_kudoed":false},{"resource_state":2,"athlete":{"id":24772479,"resource_state":1},"name":"Morning run, inching up the distance","distance":3843.6,"moving_time":1435,"elapsed_time":1435,"total_elevation_gain":15.9,"type":"Run","sport_type":"Run","workout_type":0,"id":1265898271,"start_date":"2017-11-07T22:46:32Z","start_date_local":"2017-11-08T08:16:32Z","timezone":"(GMT+09:30) Australia/Darwin","utc_offset":34200.0,"location_city":null,"location_state":null,"location_country":"Australia","achievement_count":2,"kudos_count":1,"comment_count":0,"athlete_count":1,"photo_count":0,"map":{"id":"a1265898271","summary_polyline":"nmsjAe~{}We@|GiTFgNjZxZ~OxUdDb@qwAeHsA","resource_state":2},"trainer":false,"commute":false,"manual":false,"private":false,"visibility":"everyone","flagged":false,"gear_id":null,"start_latlng":[-12.392718,130.892678],"end_latlng":[-12.393489,130.897868],"average_speed":2.678,"max_speed":3.6,"has_heartrate":false,"heartrate_opt_out":false,"display_hide_heartrate_option":false,"elev_high":42.0,"elev_low":29.9,"upload_id":1372538274,"upload_id_str":"1372538274","external_id":"48d82a40ee5d48a5c66d1fbe6c40186f","from_accepted_tag":false,"pr_count":1,"total_photo_count":0,"has_kudoed":false},{"resource_state":2,"athlete":{"id":24772479,"resource_state":1},"name":"Short run with Des (6)","distance":1060.2,"moving_time":445,"elapsed_time":451,"total_elevation_gain":4.0,"type":"Run","sport_type":"Run","workout_type":0,"id":1267633710,"start_date":"2017-11-09T08:28:42Z","start_date_local":"2017-11-09T17:58:42Z","timezone":"(GMT+09:30) Australia/Darwin","utc_offset":34200.0,"location_city":null,"location_state":null,"location_country":"Australia","achievement_count":0,"kudos_count":1,"comment_count":0,"athlete_count":1,"photo_count":0,"map":{"id":"a1267633710","summary_polyline":"zwsjAmi}}WvEyETkFaWZyMxG","resource_state":2},"trainer":false,"commute":false,"manual":false,"private":false,"visibility":"everyone","flagged":false,"gear_id":null,"start_latlng":[-12.394375,130.899596],"end_latlng":[-12.389343,130.900314],"average_speed":2.382,"max_speed":3.4,"has_heartrate":false,"heartrate_opt_out":false,"display_hide_heartrate_option":false,"elev_high":36.3,"elev_low":22.5,"upload_id":1374269543,"upload_id_str":"1374269543","external_id":"9c26fcc0999db7b93604e4fbf68a7fd3","from_accepted_tag":false,"pr_count":0,"total_photo_count":0,"has_kudoed":false},{"resource_state":2,"athlete":{"id":24772479,"resource_state":1},"name":"Morning run","distance":3083.3,"moving_time":1117,"elapsed_time":1117,"total_elevation_gain":15.1,"type":"Run","sport_type":"Run","workout_type":0,"id":1274235301,"start_date":"2017-11-13T22:49:04Z","start_date_local":"2017-11-14T08:19:04Z","timezone":"(GMT+09:30) Australia/Darwin","utc_offset":34200.0,"location_city":null,"location_state":null,"location_country":"Australia","achievement_count":1,"kudos_count":0,"comment_count":0,"athlete_count":1,"photo_count":0,"map":{"id":"a1274235301","summary_polyline":"nmsjAm~{}Wi@fHcTBaN~Z|YbOpVtDjAuEGwo@","resource_state":2},"trainer":false,"commute":false,"manual":false,"private":false,"visibility":"everyone","flagged":false,"gear_id":null,"start_latlng":[-12.392716,130.892715],"end_latlng":[-12.395135,130.892114],"average_speed":2.76,"max_speed":3.3,"has_heartrate":false,"heartrate_opt_out":false,"display_hide_heartrate_option":false,"elev_high":42.0,"elev_low":28.9,"upload_id":1380909916,"upload_id_str":"1380909916","external_id":"fd3b9cff5eecc8b3536c98ddc1f476ee","from_accepted_tag":false,"pr_count":0,"total_photo_count":0,"has_kudoed":false},{"resource_state":2,"athlete":{"id":24772479,"resource_state":1},"name":"Sanderson loop with the family","distance":1400.0,"moving_time":600,"elapsed_time":600,"total_elevation_gain":0,"type":"Run","sport_type":"Run","workout_type":0,"id":1275978325,"start_date":"2017-11-15T07:57:38Z","start_date_local":"2017-11-15T17:27:38Z","timezone":"(GMT+09:30) Australia/Darwin","utc_offset":34200.0,"location_city":null,"location_state":null,"location_country":"Australia","achievement_count":0,"kudos_count":0,"comment_count":0,"athlete_count":1,"photo_count":0,"map":{"id":"a1275978325","summary_polyline":"","resource_state":2},"trainer":false,"commute":false,"manual":true,"private":false,"visibility":"everyone","flagged":false,"gear_id":null,"start_latlng":[],"end_latlng":[],"average_speed":2.333,"max_speed":0,"has_heartrate":false,"heartrate_opt_out":false,"display_hide_heartrate_option":false,"upload_id":null,"external_id":null,"from_accepted_tag":false,"pr_count":0,"total_photo_count":0,"has_kudoed":false},{"resource_state":2,"athlete":{"id":24772479,"resource_state":1},"name":"Morning run","distance":3270.2,"moving_time":1096,"elapsed_time":1096,"total_elevation_gain":17.2,"type":"Run","sport_type":"Run","workout_type":0,"id":1278325468,"start_date":"2017-11-16T22:08:33Z","start_date_local":"2017-11-17T07:38:33Z","timezone":"(GMT+09:30) Australia/Darwin","utc_offset":34200.0,"location_city":null,"location_state":null,"location_country":"Australia","achievement_count":4,"kudos_count":0,"comment_count":0,"athlete_count":1,"photo_count":0,"map":{"id":"a1278325468","summary_polyline":"|rsjA_}|}W~FQ|A~CS`mA{@lEiXeDcYqNbLaX","resource_state":2},"trainer":false,"commute":false,"manual":false,"private":false,"visibility":"everyone","flagged":false,"gear_id":null,"start_latlng":[-12.393589,130.89761],"end_latlng":[-12.388806,130.890704],"average_speed":2.984,"max_speed":4.0,"has_heartrate":false,"heartrate_opt_out":false,"display_hide_heartrate_option":false,"elev_high":41.0,"elev_low":29.2,"upload_id":1385003312,"upload_id_str":"1385003312","external_id":"fca395c9cf0c6fc63a4fe98bcc3e0c7e","from_accepted_tag":false,"pr_count":3,"total_photo_count":0,"has_kudoed":false},{"resource_state":2,"athlete":{"id":24772479,"resource_state":1},"name":"Evening run","distance":3564.2,"moving_time":1178,"elapsed_time":1178,"total_elevation_gain":17.4,"type":"Run","sport_type":"Run","workout_type":0,"id":1281329663,"start_date":"2017-11-19T08:43:09Z","start_date_local":"2017-11-19T18:13:09Z","timezone":"(GMT+09:30) Australia/Darwin","utc_offset":34200.0,"location_city":null,"location_state":null,"location_country":"Australia","achievement_count":3,"kudos_count":2,"comment_count":0,"athlete_count":1,"photo_count":0,"map":{"id":"a1281329663","summary_polyline":"fssjAk}|}WtHD`@|CQbmAwArEyUeDaMgGhKqTzHkJrAwGgAiJ","resource_state":2},"trainer":false,"commute":false,"manual":false,"private":false,"visibility":"everyone","flagged":false,"gear_id":null,"start_latlng":[-12.393638,130.897665],"end_latlng":[-12.392533,130.893913],"average_speed":3.026,"max_speed":3.8,"has_heartrate":false,"heartrate_opt_out":false,"display_hide_heartrate_option":false,"elev_high":39.0,"elev_low":29.2,"upload_id":1388032107,"upload_id_str":"1388032107","external_id":"df162aa4e013780219980512098942d4","from_accepted_tag":false,"pr_count":3,"total_photo_count":0,"has_kudoed":false},{"resource_state":2,"athlete":{"id":24772479,"resource_state":1},"name":"Morning run","distance":4684.5,"moving_time":1682,"elapsed_time":1682,"total_elevation_gain":23.3,"type":"Run","sport_type":"Run","workout_type":0,"id":1285251191,"start_date":"2017-11-21T22:36:35Z","start_date_local":"2017-11-22T08:06:35Z","timezone":"(GMT+09:30) Australia/Darwin","utc_offset":34200.0,"location_city":null,"location_state":null,"location_country":"Australia","achievement_count":1,"kudos_count":1,"comment_count":0,"athlete_count":1,"photo_count":0,"map":{"id":"a1285251191","summary_polyline":"~ssjAa~|}WpIfCcAbEPfhAuArFwXgEqXaOrNuZgJiElGe[bHTzKyE`GY","resource_state":2},"trainer":false,"commute":false,"manual":false,"private":false,"visibility":"everyone","flagged":false,"gear_id":null,"start_latlng":[-12.393756,130.897775],"end_latlng":[-12.393417,130.897807],"average_speed":2.785,"max_speed":5.4,"has_heartrate":false,"heartrate_opt_out":false,"display_hide_heartrate_option":false,"elev_high":41.0,"elev_low":28.8,"upload_id":1391968035,"upload_id_str":"1391968035","external_id":"e6a8fb809888da98e3a814f943585431","from_accepted_tag":false,"pr_count":0,"total_photo_count":0,"has_kudoed":false},{"resource_state":2,"athlete":{"id":24772479,"resource_state":1},"name":"Morning Run","distance":4275.2,"moving_time":1560,"elapsed_time":1560,"total_elevation_gain":19.0,"type":"Run","sport_type":"Run","workout_type":0,"id":1293853594,"start_date":"2017-11-27T22:00:00Z","start_date_local":"2017-11-28T07:30:00Z","timezone":"(GMT+09:30) Australia/Darwin","utc_offset":34200.0,"location_city":null,"location_state":null,"location_country":"Australia","achievement_count":0,"kudos_count":1,"comment_count":0,"athlete_count":1,"photo_count":0,"map":{"id":"a1293853594","summary_polyline":"","resource_state":2},"trainer":false,"commute":false,"manual":true,"private":false,"visibility":"everyone","flagged":false,"gear_id":null,"start_latlng":[],"end_latlng":[],"average_speed":2.741,"max_speed":0,"has_heartrate":false,"heartrate_opt_out":false,"display_hide_heartrate_option":false,"upload_id":null,"external_id":null,"from_accepted_tag":false,"pr_count":0,"total_photo_count":0,"has_kudoed":false},{"resource_state":2,"athlete":{"id":24772479,"resource_state":1},"name":"Woo! Cracked 5k","distance":5435.4,"moving_time":1927,"elapsed_time":1927,"total_elevation_gain":23.2,"type":"Run","sport_type":"Run","workout_type":0,"id":1295944734,"start_date":"2017-11-29T21:28:47Z","start_date_local":"2017-11-30T06:58:47Z","timezone":"(GMT+09:30) Australia/Darwin","utc_offset":34200.0,"location_city":null,"location_state":null,"location_country":"Australia","achievement_count":2,"kudos_count":0,"comment_count":0,"athlete_count":1,"photo_count":0,"map":{"id":"a1295944734","summary_polyline":"trsjA{}|}W|HJj@xCUhlAmArFmXcEid@yV{QeHfMc[dEe@_AaMdNiEpOlD`NwEtFQ","resource_state":2},"trainer":false,"commute":false,"manual":false,"private":false,"visibility":"everyone","flagged":false,"gear_id":null,"start_latlng":[-12.393547,130.897748],"end_latlng":[-12.393467,130.897838],"average_speed":2.821,"max_speed":4.0,"has_heartrate":false,"heartrate_opt_out":false,"display_hide_heartrate_option":false,"elev_high":39.0,"elev_low":27.2,"upload_id":1402767637,"upload_id_str":"1402767637","external_id":"b774adbf7997237d553c5100d5e5b450","from_accepted_tag":false,"pr_count":1,"total_photo_count":0,"has_kudoed":false},{"resource_state":2,"athlete":{"id":24772479,"resource_state":1},"name":"Afternoon jog with Benny","distance":3379.3,"moving_time":1244,"elapsed_time":1258,"total_elevation_gain":13.1,"type":"Run","sport_type":"Run","workout_type":0,"id":1299919617,"start_date":"2017-12-03T07:38:43Z","start_date_local":"2017-12-03T17:08:43Z","timezone":"(GMT+09:30) Australia/Darwin","utc_offset":34200.0,"location_city":null,"location_state":null,"location_country":"Australia","achievement_count":0,"kudos_count":0,"comment_count":0,"athlete_count":1,"photo_count":0,"map":{"id":"a1299919617","summary_polyline":"dssjAm}|}WrFC~AxCq@h_A_O[u@kG{C{C_E_MsFq@fGyPwA_NxKqErF[","resource_state":2},"trainer":false,"commute":false,"manual":false,"private":false,"visibility":"everyone","flagged":false,"gear_id":null,"start_latlng":[-12.393626,130.897678],"end_latlng":[-12.393431,130.897826],"average_speed":2.716,"max_speed":4.1,"has_heartrate":false,"heartrate_opt_out":false,"display_hide_heartrate_option":false,"elev_high":41.0,"elev_low":31.9,"upload_id":1406861810,"upload_id_str":"1406861810","external_id":"ee76615fe1b322bcbdf3cf49089a3e13","from_accepted_tag":false,"pr_count":0,"total_photo_count":0,"has_kudoed":false},{"resource_state":2,"athlete":{"id":24772479,"resource_state":1},"name":"Morning run","distance":5007.0,"moving_time":1784,"elapsed_time":1789,"total_elevation_gain":18.5,"type":"Run","sport_type":"Run","workout_type":0,"id":1304987440,"start_date":"2017-12-06T21:43:50Z","start_date_local":"2017-12-07T07:13:50Z","timezone":"(GMT+09:30) Australia/Darwin","utc_offset":34200.0,"location_city":null,"location_state":null,"location_country":"Australia","achievement_count":2,"kudos_count":1,"comment_count":0,"athlete_count":1,"photo_count":0,"map":{"id":"a1304987440","summary_polyline":"xrsjAc~|}WfGNtA`DQlmAoApEyXiE}v@c`@tM}ZzDi@q@eMjNeEpOpD","resource_state":2},"trainer":false,"commute":false,"manual":false,"private":false,"visibility":"everyone","flagged":false,"gear_id":null,"start_latlng":[-12.393568,130.897788],"end_latlng":[-12.389891,130.89665],"average_speed":2.807,"max_speed":3.9,"has_heartrate":false,"heartrate_opt_out":false,"display_hide_heartrate_option":false,"elev_high":39.0,"elev_low":27.1,"upload_id":1412061886,"upload_id_str":"1412061886","external_id":"99c6f38f3b7eef1b7024feb5438d1b46","from_accepted_tag":false,"pr_count":0,"total_photo_count":0,"has_kudoed":false}]